{
  "categoryName": "Appetizers & Sides",
  "categories": [
    {
      "categoryID": "294",
      "parentID": "304",
      "subjectID": "7",
      "categoryName": "Apps and Side Dishes (Laura)",
      "categoryDescription": "Learn to make amazing appetizers and side dishes with Laura in the Kitchen.",
      "videosCount": "101",
      "forumCategoryID": "163"
    },
    {
      "categoryID": "285",
      "parentID": "304",
      "subjectID": "7",
      "categoryName": "Side Dishes",
      "categoryDescription": "Side dish recipes for salads, vegetables, sauces with Hilah cooking.",
      "videosCount": "38",
      "forumCategoryID": "163"
    },
    {
      "categoryID": "337",
      "parentID": "304",
      "subjectID": "7",
      "categoryName": "Side Dishes (bt)",
      "categoryDescription": "Side dish recipes with Byron Talbott.",
      "videosCount": "5",
      "forumCategoryID": "163"
    },
    {
      "categoryID": "301",
      "parentID": "304",
      "subjectID": "7",
      "categoryName": "Side Dishes for Barbecue",
      "categoryDescription": "Barbecue side dish recipes done on the grill by the BBQ Pit Boys!",
      "videosCount": "43",
      "forumCategoryID": "163"
    },
    {
      "categoryID": "297",
      "parentID": "304",
      "subjectID": "7",
      "categoryName": "Soups and Salads (Laura)",
      "categoryDescription": "Looking for the perfect recipe to start your meal? Or are you looking to eat something on the lighter side? These are sure to have you covered!",
      "videosCount": "70",
      "forumCategoryID": "163"
    }
  ]
}
